{"mae": 1.9314081712018434, "r2_score": 0.28308518321584675, "accuracy_within_1_day": 32.65366285068541}